{
  "detector_name": "MDX Detection",
  "auc": 0.6710937499999999,
  "optimal_threshold": 46.84073526413802,
  "tpr_at_threshold": 0.86875,
  "fpr_at_threshold": 0.475,
  "youden_j": 0.39375000000000004,
  "roc_fpr": [
    0.0,
    0.0,
    0.0,
    0.025,
    0.025,
    0.1,
    0.1,
    0.15,
    0.15,
    0.175,
    0.175,
    0.2,
    0.2,
    0.25,
    0.25,
    0.3,
    0.3,
    0.3,
    0.3,
    0.35,
    0.35,
    0.375,
    0.375,
    0.4,
    0.4,
    0.425,
    0.425,
    0.45,
    0.45,
    0.475,
    0.475,
    0.525,
    0.525,
    0.55,
    0.55,
    0.6,
    0.6,
    0.625,
    0.625,
    0.7,
    0.7,
    0.75,
    0.75,
    0.825,
    0.825,
    0.85,
    0.85,
    0.875,
    0.875,
    0.925,
    0.925,
    1.0
  ],
  "roc_tpr": [
    0.0,
    0.00625,
    0.1375,
    0.1375,
    0.15625,
    0.15625,
    0.16875,
    0.16875,
    0.18125,
    0.18125,
    0.25625,
    0.25625,
    0.29375,
    0.29375,
    0.3,
    0.3,
    0.3125,
    0.5625,
    0.575,
    0.575,
    0.6,
    0.6,
    0.6125,
    0.6125,
    0.65,
    0.65,
    0.7375,
    0.7375,
    0.74375,
    0.74375,
    0.86875,
    0.86875,
    0.88125,
    0.88125,
    0.89375,
    0.89375,
    0.90625,
    0.90625,
    0.93125,
    0.93125,
    0.94375,
    0.94375,
    0.95,
    0.95,
    0.9625,
    0.9625,
    0.9875,
    0.9875,
    0.99375,
    0.99375,
    1.0,
    1.0
  ],
  "n_samples": 200,
  "n_anomalous": 160
}