{
  "detector_name": "ATOMs-Mahalanobis (GMM K=7)",
  "auc": 0.6541796875,
  "optimal_threshold": 1.8382295935595465,
  "tpr_at_threshold": 0.525,
  "fpr_at_threshold": 0.25,
  "youden_j": 0.275,
  "roc_fpr": [
    0.0,
    0.0,
    0.0,
    0.0125,
    0.0125,
    0.025,
    0.025,
    0.0625,
    0.0625,
    0.075,
    0.075,
    0.0875,
    0.0875,
    0.1,
    0.1,
    0.1125,
    0.1125,
    0.125,
    0.125,
    0.1375,
    0.1375,
    0.15,
    0.15,
    0.1625,
    0.1625,
    0.175,
    0.175,
    0.1875,
    0.1875,
    0.2125,
    0.2125,
    0.225,
    0.225,
    0.25,
    0.25,
    0.275,
    0.275,
    0.3,
    0.3,
    0.3125,
    0.3125,
    0.35,
    0.35,
    0.375,
    0.375,
    0.3875,
    0.3875,
    0.4,
    0.4,
    0.4125,
    0.4125,
    0.425,
    0.425,
    0.4375,
    0.4375,
    0.45,
    0.45,
    0.475,
    0.475,
    0.4875,
    0.4875,
    0.5,
    0.5,
    0.5125,
    0.5125,
    0.525,
    0.525,
    0.55,
    0.55,
    0.5625,
    0.5625,
    0.575,
    0.575,
    0.5875,
    0.5875,
    0.6,
    0.6,
    0.6125,
    0.6125,
    0.6375,
    0.6375,
    0.65,
    0.65,
    0.6875,
    0.6875,
    0.7,
    0.7,
    0.7125,
    0.7125,
    0.7375,
    0.7375,
    0.75,
    0.75,
    0.7625,
    0.7625,
    0.775,
    0.775,
    0.8,
    0.8,
    0.8125,
    0.8125,
    0.8375,
    0.8375,
    0.85,
    0.85,
    0.875,
    0.875,
    0.9,
    0.9,
    0.9125,
    0.9125,
    0.9375,
    0.9375,
    0.95,
    0.95,
    0.9625,
    0.9625,
    1.0
  ],
  "roc_tpr": [
    0.0,
    0.003125,
    0.10625,
    0.10625,
    0.165625,
    0.165625,
    0.20625,
    0.20625,
    0.21875,
    0.21875,
    0.25,
    0.25,
    0.30625,
    0.30625,
    0.3125,
    0.3125,
    0.3375,
    0.3375,
    0.353125,
    0.353125,
    0.384375,
    0.384375,
    0.396875,
    0.396875,
    0.4125,
    0.4125,
    0.41875,
    0.41875,
    0.45,
    0.45,
    0.471875,
    0.471875,
    0.475,
    0.475,
    0.525,
    0.525,
    0.528125,
    0.528125,
    0.55,
    0.55,
    0.559375,
    0.559375,
    0.565625,
    0.565625,
    0.56875,
    0.56875,
    0.5875,
    0.5875,
    0.603125,
    0.603125,
    0.60625,
    0.60625,
    0.609375,
    0.609375,
    0.61875,
    0.61875,
    0.634375,
    0.634375,
    0.646875,
    0.646875,
    0.65,
    0.65,
    0.66875,
    0.66875,
    0.671875,
    0.671875,
    0.678125,
    0.678125,
    0.690625,
    0.690625,
    0.7125,
    0.7125,
    0.715625,
    0.715625,
    0.7375,
    0.7375,
    0.753125,
    0.753125,
    0.75625,
    0.75625,
    0.76875,
    0.76875,
    0.80625,
    0.80625,
    0.828125,
    0.828125,
    0.840625,
    0.840625,
    0.85625,
    0.85625,
    0.86875,
    0.86875,
    0.871875,
    0.871875,
    0.88125,
    0.88125,
    0.890625,
    0.890625,
    0.9,
    0.9,
    0.934375,
    0.934375,
    0.9375,
    0.9375,
    0.94375,
    0.94375,
    0.946875,
    0.946875,
    0.95625,
    0.95625,
    0.959375,
    0.959375,
    0.975,
    0.975,
    0.978125,
    0.978125,
    1.0,
    1.0
  ],
  "n_samples": 400,
  "n_anomalous": 320
}