{
  "detector_name": "ATOMs-Mahalanobis (GMM K=6)",
  "auc": 0.63765625,
  "optimal_threshold": 1.9767009028376876,
  "tpr_at_threshold": 0.325,
  "fpr_at_threshold": 0.1,
  "youden_j": 0.225,
  "roc_fpr": [
    0.0,
    0.0,
    0.0,
    0.025,
    0.025,
    0.05,
    0.05,
    0.075,
    0.075,
    0.1,
    0.1,
    0.125,
    0.125,
    0.15,
    0.15,
    0.2,
    0.2,
    0.225,
    0.225,
    0.25,
    0.25,
    0.3,
    0.3,
    0.325,
    0.325,
    0.35,
    0.35,
    0.375,
    0.375,
    0.425,
    0.425,
    0.525,
    0.525,
    0.55,
    0.55,
    0.625,
    0.625,
    0.65,
    0.65,
    0.675,
    0.675,
    0.7,
    0.7,
    0.725,
    0.725,
    0.75,
    0.75,
    0.775,
    0.775,
    0.8,
    0.8,
    0.825,
    0.825,
    0.85,
    0.85,
    0.875,
    0.875,
    0.925,
    0.925,
    0.95,
    0.95,
    1.0
  ],
  "roc_tpr": [
    0.0,
    0.00625,
    0.11875,
    0.11875,
    0.225,
    0.225,
    0.2375,
    0.2375,
    0.2875,
    0.2875,
    0.325,
    0.325,
    0.34375,
    0.34375,
    0.35,
    0.35,
    0.35625,
    0.35625,
    0.40625,
    0.40625,
    0.45625,
    0.45625,
    0.48125,
    0.48125,
    0.49375,
    0.49375,
    0.525,
    0.525,
    0.5875,
    0.5875,
    0.61875,
    0.61875,
    0.6625,
    0.6625,
    0.68125,
    0.68125,
    0.75,
    0.75,
    0.775,
    0.775,
    0.8375,
    0.8375,
    0.8875,
    0.8875,
    0.9,
    0.9,
    0.91875,
    0.91875,
    0.93125,
    0.93125,
    0.9375,
    0.9375,
    0.94375,
    0.94375,
    0.95625,
    0.95625,
    0.9625,
    0.9625,
    0.975,
    0.975,
    1.0,
    1.0
  ],
  "n_samples": 200,
  "n_anomalous": 160
}