{
  "detector_name": "ATOMs-k-NN",
  "auc": 0.8426562499999999,
  "optimal_threshold": 0.566260227252196,
  "tpr_at_threshold": 0.9375,
  "fpr_at_threshold": 0.35,
  "youden_j": 0.5875,
  "roc_fpr": [
    0.0,
    0.0,
    0.0,
    0.025,
    0.025,
    0.075,
    0.075,
    0.1,
    0.1,
    0.125,
    0.125,
    0.175,
    0.175,
    0.2,
    0.2,
    0.225,
    0.225,
    0.25,
    0.25,
    0.275,
    0.275,
    0.3,
    0.3,
    0.325,
    0.325,
    0.35,
    0.35,
    0.375,
    0.375,
    0.475,
    0.475,
    0.6,
    0.6,
    0.625,
    0.625,
    0.7,
    0.7,
    0.725,
    0.725,
    0.775,
    0.775,
    0.8,
    0.8,
    0.9,
    0.9,
    1.0
  ],
  "roc_tpr": [
    0.0,
    0.00625,
    0.075,
    0.075,
    0.46875,
    0.46875,
    0.48125,
    0.48125,
    0.55625,
    0.55625,
    0.575,
    0.575,
    0.58125,
    0.58125,
    0.61875,
    0.61875,
    0.70625,
    0.70625,
    0.76875,
    0.76875,
    0.81875,
    0.81875,
    0.84375,
    0.84375,
    0.88125,
    0.88125,
    0.9375,
    0.9375,
    0.95,
    0.95,
    0.95625,
    0.95625,
    0.9625,
    0.9625,
    0.96875,
    0.96875,
    0.975,
    0.975,
    0.98125,
    0.98125,
    0.9875,
    0.9875,
    0.99375,
    0.99375,
    1.0,
    1.0
  ],
  "n_samples": 200,
  "n_anomalous": 160
}