{
  "detector_name": "ATOMs-k-NN (k=10, best)",
  "auc": 0.5046875,
  "optimal_threshold": 0.46093039891367993,
  "tpr_at_threshold": 0.89375,
  "fpr_at_threshold": 0.775,
  "youden_j": 0.11875000000000002,
  "roc_fpr": [
    0.0,
    0.0,
    0.0,
    0.025,
    0.025,
    0.075,
    0.075,
    0.1,
    0.1,
    0.125,
    0.125,
    0.15,
    0.15,
    0.175,
    0.175,
    0.2,
    0.2,
    0.25,
    0.25,
    0.275,
    0.275,
    0.3,
    0.3,
    0.325,
    0.325,
    0.35,
    0.35,
    0.375,
    0.375,
    0.4,
    0.4,
    0.425,
    0.425,
    0.45,
    0.45,
    0.525,
    0.525,
    0.575,
    0.575,
    0.6,
    0.6,
    0.625,
    0.625,
    0.675,
    0.675,
    0.7,
    0.7,
    0.725,
    0.725,
    0.75,
    0.75,
    0.775,
    0.775,
    0.8,
    0.8,
    0.825,
    0.825,
    0.875,
    0.875,
    0.925,
    0.925,
    0.95,
    0.95,
    1.0
  ],
  "roc_tpr": [
    0.0,
    0.00625,
    0.0125,
    0.0125,
    0.03125,
    0.03125,
    0.05625,
    0.05625,
    0.075,
    0.075,
    0.1125,
    0.1125,
    0.18125,
    0.18125,
    0.20625,
    0.20625,
    0.2125,
    0.2125,
    0.2375,
    0.2375,
    0.25,
    0.25,
    0.30625,
    0.30625,
    0.3125,
    0.3125,
    0.31875,
    0.31875,
    0.375,
    0.375,
    0.38125,
    0.38125,
    0.46875,
    0.46875,
    0.49375,
    0.49375,
    0.51875,
    0.51875,
    0.54375,
    0.54375,
    0.58125,
    0.58125,
    0.6125,
    0.6125,
    0.64375,
    0.64375,
    0.69375,
    0.69375,
    0.7,
    0.7,
    0.8625,
    0.8625,
    0.89375,
    0.89375,
    0.91875,
    0.91875,
    0.94375,
    0.94375,
    0.975,
    0.975,
    0.9875,
    0.9875,
    1.0,
    1.0
  ],
  "n_samples": 200,
  "n_anomalous": 160
}