{
  "detector_name": "ATOMs-k-NN (k=50)",
  "auc": 0.85390625,
  "optimal_threshold": 0.5693625995121487,
  "tpr_at_threshold": 0.94375,
  "fpr_at_threshold": 0.325,
  "youden_j": 0.6187499999999999,
  "roc_fpr": [
    0.0,
    0.0,
    0.0,
    0.025,
    0.025,
    0.05,
    0.05,
    0.075,
    0.075,
    0.1,
    0.1,
    0.125,
    0.125,
    0.175,
    0.175,
    0.2,
    0.2,
    0.225,
    0.225,
    0.25,
    0.25,
    0.275,
    0.275,
    0.3,
    0.3,
    0.325,
    0.325,
    0.375,
    0.375,
    0.45,
    0.45,
    0.475,
    0.475,
    0.675,
    0.675,
    0.725,
    0.725,
    0.75,
    0.75,
    0.8,
    0.8,
    0.9,
    0.9,
    1.0
  ],
  "roc_tpr": [
    0.0,
    0.00625,
    0.075,
    0.075,
    0.475,
    0.475,
    0.48125,
    0.48125,
    0.54375,
    0.54375,
    0.55,
    0.55,
    0.575,
    0.575,
    0.58125,
    0.58125,
    0.65,
    0.65,
    0.79375,
    0.79375,
    0.8125,
    0.8125,
    0.85,
    0.85,
    0.86875,
    0.86875,
    0.94375,
    0.94375,
    0.95,
    0.95,
    0.95625,
    0.95625,
    0.96875,
    0.96875,
    0.975,
    0.975,
    0.98125,
    0.98125,
    0.9875,
    0.9875,
    0.99375,
    0.99375,
    1.0,
    1.0
  ],
  "n_samples": 200,
  "n_anomalous": 160
}