{
  "detector_name": "ATOMs-k-NN (k=25)",
  "auc": 0.50328125,
  "optimal_threshold": 0.4932688316376652,
  "tpr_at_threshold": 0.9375,
  "fpr_at_threshold": 0.8,
  "youden_j": 0.13749999999999996,
  "roc_fpr": [
    0.0,
    0.0,
    0.0,
    0.025,
    0.025,
    0.075,
    0.075,
    0.1,
    0.1,
    0.125,
    0.125,
    0.15,
    0.15,
    0.2,
    0.2,
    0.225,
    0.225,
    0.25,
    0.25,
    0.3,
    0.3,
    0.325,
    0.325,
    0.375,
    0.375,
    0.4,
    0.4,
    0.425,
    0.425,
    0.45,
    0.45,
    0.475,
    0.475,
    0.525,
    0.525,
    0.55,
    0.55,
    0.575,
    0.575,
    0.625,
    0.625,
    0.65,
    0.65,
    0.675,
    0.675,
    0.7,
    0.7,
    0.725,
    0.725,
    0.75,
    0.75,
    0.775,
    0.775,
    0.8,
    0.8,
    0.825,
    0.825,
    0.85,
    0.85,
    0.875,
    0.875,
    0.9,
    0.9,
    0.95,
    0.95,
    1.0,
    1.0
  ],
  "roc_tpr": [
    0.0,
    0.00625,
    0.0125,
    0.0125,
    0.03125,
    0.03125,
    0.075,
    0.075,
    0.08125,
    0.08125,
    0.16875,
    0.16875,
    0.2,
    0.2,
    0.21875,
    0.21875,
    0.24375,
    0.24375,
    0.2625,
    0.2625,
    0.26875,
    0.26875,
    0.28125,
    0.28125,
    0.3375,
    0.3375,
    0.36875,
    0.36875,
    0.4625,
    0.4625,
    0.48125,
    0.48125,
    0.5,
    0.5,
    0.5125,
    0.5125,
    0.51875,
    0.51875,
    0.5875,
    0.5875,
    0.6125,
    0.6125,
    0.65625,
    0.65625,
    0.66875,
    0.66875,
    0.6875,
    0.6875,
    0.7,
    0.7,
    0.75625,
    0.75625,
    0.85625,
    0.85625,
    0.9375,
    0.9375,
    0.94375,
    0.94375,
    0.95,
    0.95,
    0.9625,
    0.9625,
    0.96875,
    0.96875,
    0.99375,
    0.99375,
    1.0
  ],
  "n_samples": 200,
  "n_anomalous": 160
}