{
  "detector_name": "ATOMs-k-NN (k=1)",
  "auc": 0.81453125,
  "optimal_threshold": 0.41878100442154764,
  "tpr_at_threshold": 0.81875,
  "fpr_at_threshold": 0.25,
  "youden_j": 0.56875,
  "roc_fpr": [
    0.0,
    0.0,
    0.0,
    0.025,
    0.025,
    0.05,
    0.05,
    0.075,
    0.075,
    0.1,
    0.1,
    0.125,
    0.125,
    0.15,
    0.15,
    0.175,
    0.175,
    0.2,
    0.2,
    0.225,
    0.225,
    0.25,
    0.25,
    0.275,
    0.275,
    0.325,
    0.325,
    0.35,
    0.35,
    0.4,
    0.4,
    0.45,
    0.45,
    0.475,
    0.475,
    0.525,
    0.525,
    0.55,
    0.55,
    0.575,
    0.575,
    0.6,
    0.6,
    0.65,
    0.65,
    0.675,
    0.675,
    0.725,
    0.725,
    0.775,
    0.775,
    0.85,
    0.85,
    0.925,
    0.925,
    1.0
  ],
  "roc_tpr": [
    0.0,
    0.00625,
    0.2375,
    0.2375,
    0.3625,
    0.3625,
    0.38125,
    0.38125,
    0.44375,
    0.44375,
    0.5625,
    0.5625,
    0.60625,
    0.60625,
    0.6125,
    0.6125,
    0.68125,
    0.68125,
    0.70625,
    0.70625,
    0.7125,
    0.7125,
    0.81875,
    0.81875,
    0.825,
    0.825,
    0.8375,
    0.8375,
    0.84375,
    0.84375,
    0.85,
    0.85,
    0.85625,
    0.85625,
    0.8625,
    0.8625,
    0.86875,
    0.86875,
    0.875,
    0.875,
    0.90625,
    0.90625,
    0.9125,
    0.9125,
    0.91875,
    0.91875,
    0.925,
    0.925,
    0.94375,
    0.94375,
    0.9625,
    0.9625,
    0.99375,
    0.99375,
    1.0,
    1.0
  ],
  "n_samples": 200,
  "n_anomalous": 160
}