{
  "detector_name": "ATOMs-Mahalanobis (GMM K=8)",
  "auc": 0.64359375,
  "optimal_threshold": 2.016902569316607,
  "tpr_at_threshold": 0.2875,
  "fpr_at_threshold": 0.05,
  "youden_j": 0.2375,
  "roc_fpr": [
    0.0,
    0.0,
    0.0,
    0.025,
    0.025,
    0.05,
    0.05,
    0.075,
    0.075,
    0.1,
    0.1,
    0.125,
    0.125,
    0.15,
    0.15,
    0.175,
    0.175,
    0.2,
    0.2,
    0.225,
    0.225,
    0.25,
    0.25,
    0.275,
    0.275,
    0.3,
    0.3,
    0.325,
    0.325,
    0.35,
    0.35,
    0.375,
    0.375,
    0.4,
    0.4,
    0.425,
    0.425,
    0.475,
    0.475,
    0.5,
    0.5,
    0.55,
    0.55,
    0.575,
    0.575,
    0.6,
    0.6,
    0.65,
    0.65,
    0.675,
    0.675,
    0.7,
    0.7,
    0.725,
    0.725,
    0.75,
    0.75,
    0.775,
    0.775,
    0.8,
    0.8,
    0.825,
    0.825,
    0.875,
    0.875,
    0.95,
    0.95,
    0.975,
    0.975,
    1.0,
    1.0
  ],
  "roc_tpr": [
    0.0,
    0.00625,
    0.1375,
    0.1375,
    0.21875,
    0.21875,
    0.2875,
    0.2875,
    0.3125,
    0.3125,
    0.31875,
    0.31875,
    0.325,
    0.325,
    0.33125,
    0.33125,
    0.34375,
    0.34375,
    0.35625,
    0.35625,
    0.41875,
    0.41875,
    0.45,
    0.45,
    0.45625,
    0.45625,
    0.4625,
    0.4625,
    0.48125,
    0.48125,
    0.55,
    0.55,
    0.59375,
    0.59375,
    0.60625,
    0.60625,
    0.6125,
    0.6125,
    0.625,
    0.625,
    0.63125,
    0.63125,
    0.66875,
    0.66875,
    0.7,
    0.7,
    0.73125,
    0.73125,
    0.8375,
    0.8375,
    0.85625,
    0.85625,
    0.8875,
    0.8875,
    0.89375,
    0.89375,
    0.9375,
    0.9375,
    0.94375,
    0.94375,
    0.9625,
    0.9625,
    0.96875,
    0.96875,
    0.975,
    0.975,
    0.98125,
    0.98125,
    0.9875,
    0.9875,
    1.0
  ],
  "n_samples": 200,
  "n_anomalous": 160
}