{
  "detector_name": "ATOMs-k-NN (k=5)",
  "auc": 0.5009375,
  "optimal_threshold": 0.4468087770560864,
  "tpr_at_threshold": 0.825,
  "fpr_at_threshold": 0.725,
  "youden_j": 0.09999999999999998,
  "roc_fpr": [
    0.0,
    0.0,
    0.025,
    0.025,
    0.05,
    0.05,
    0.075,
    0.075,
    0.1,
    0.1,
    0.125,
    0.125,
    0.15,
    0.15,
    0.175,
    0.175,
    0.25,
    0.25,
    0.275,
    0.275,
    0.325,
    0.325,
    0.35,
    0.35,
    0.375,
    0.375,
    0.4,
    0.4,
    0.425,
    0.425,
    0.5,
    0.5,
    0.525,
    0.525,
    0.55,
    0.55,
    0.6,
    0.6,
    0.625,
    0.625,
    0.65,
    0.65,
    0.675,
    0.675,
    0.7,
    0.7,
    0.725,
    0.725,
    0.75,
    0.75,
    0.775,
    0.775,
    0.8,
    0.8,
    0.825,
    0.825,
    0.875,
    0.875,
    0.9,
    0.9,
    0.925,
    0.925,
    0.95,
    0.95,
    1.0
  ],
  "roc_tpr": [
    0.0,
    0.00625,
    0.00625,
    0.05,
    0.05,
    0.05625,
    0.05625,
    0.0625,
    0.0625,
    0.075,
    0.075,
    0.08125,
    0.08125,
    0.14375,
    0.14375,
    0.1875,
    0.1875,
    0.2,
    0.2,
    0.31875,
    0.31875,
    0.33125,
    0.33125,
    0.35,
    0.35,
    0.35625,
    0.35625,
    0.39375,
    0.39375,
    0.43125,
    0.43125,
    0.49375,
    0.49375,
    0.50625,
    0.50625,
    0.51875,
    0.51875,
    0.6125,
    0.6125,
    0.625,
    0.625,
    0.6375,
    0.6375,
    0.7,
    0.7,
    0.7125,
    0.7125,
    0.825,
    0.825,
    0.8375,
    0.8375,
    0.8625,
    0.8625,
    0.88125,
    0.88125,
    0.89375,
    0.89375,
    0.9625,
    0.9625,
    0.96875,
    0.96875,
    0.9875,
    0.9875,
    1.0,
    1.0
  ],
  "n_samples": 200,
  "n_anomalous": 160
}