{
  "detector_name": "ATOMs-JSD",
  "auc": 0.58859375,
  "optimal_threshold": 0.09148072121264406,
  "tpr_at_threshold": 0.86875,
  "fpr_at_threshold": 0.675,
  "youden_j": 0.19374999999999998,
  "roc_fpr": [
    0.0,
    0.0,
    0.0,
    0.025,
    0.025,
    0.05,
    0.05,
    0.075,
    0.075,
    0.1,
    0.1,
    0.225,
    0.225,
    0.25,
    0.25,
    0.275,
    0.275,
    0.3,
    0.3,
    0.35,
    0.35,
    0.375,
    0.375,
    0.4,
    0.4,
    0.425,
    0.425,
    0.475,
    0.475,
    0.575,
    0.575,
    0.6,
    0.6,
    0.65,
    0.65,
    0.675,
    0.675,
    0.75,
    0.75,
    0.8,
    0.8,
    0.825,
    0.825,
    0.875,
    0.875,
    0.9,
    0.9,
    0.925,
    0.925,
    0.95,
    0.95,
    1.0
  ],
  "roc_tpr": [
    0.0,
    0.00625,
    0.13125,
    0.13125,
    0.1625,
    0.1625,
    0.175,
    0.175,
    0.18125,
    0.18125,
    0.23125,
    0.23125,
    0.2375,
    0.2375,
    0.275,
    0.275,
    0.3875,
    0.3875,
    0.40625,
    0.40625,
    0.44375,
    0.44375,
    0.48125,
    0.48125,
    0.50625,
    0.50625,
    0.6125,
    0.6125,
    0.6375,
    0.6375,
    0.65,
    0.65,
    0.73125,
    0.73125,
    0.75,
    0.75,
    0.86875,
    0.86875,
    0.8875,
    0.8875,
    0.90625,
    0.90625,
    0.9125,
    0.9125,
    0.91875,
    0.91875,
    0.94375,
    0.94375,
    0.98125,
    0.98125,
    1.0,
    1.0
  ],
  "n_samples": 200,
  "n_anomalous": 160
}