{
  "detector_name": "ATOMs-k-NN (k=100)",
  "auc": 0.48453124999999997,
  "optimal_threshold": 0.6048699382440179,
  "tpr_at_threshold": 0.86875,
  "fpr_at_threshold": 0.825,
  "youden_j": 0.04375000000000007,
  "roc_fpr": [
    0.0,
    0.0,
    0.0,
    0.025,
    0.025,
    0.075,
    0.075,
    0.125,
    0.125,
    0.2,
    0.2,
    0.225,
    0.225,
    0.25,
    0.25,
    0.275,
    0.275,
    0.3,
    0.3,
    0.35,
    0.35,
    0.375,
    0.375,
    0.4,
    0.4,
    0.425,
    0.425,
    0.45,
    0.45,
    0.475,
    0.475,
    0.5,
    0.5,
    0.525,
    0.525,
    0.575,
    0.575,
    0.6,
    0.6,
    0.625,
    0.625,
    0.7,
    0.7,
    0.725,
    0.725,
    0.775,
    0.775,
    0.8,
    0.8,
    0.825,
    0.825,
    0.85,
    0.85,
    0.875,
    0.875,
    0.9,
    0.9,
    0.925,
    0.925,
    0.975,
    0.975,
    1.0
  ],
  "roc_tpr": [
    0.0,
    0.00625,
    0.0125,
    0.0125,
    0.05,
    0.05,
    0.0625,
    0.0625,
    0.1625,
    0.1625,
    0.175,
    0.175,
    0.19375,
    0.19375,
    0.225,
    0.225,
    0.25625,
    0.25625,
    0.2625,
    0.2625,
    0.26875,
    0.26875,
    0.28125,
    0.28125,
    0.4125,
    0.4125,
    0.41875,
    0.41875,
    0.4875,
    0.4875,
    0.50625,
    0.50625,
    0.5125,
    0.5125,
    0.525,
    0.525,
    0.5875,
    0.5875,
    0.6,
    0.6,
    0.625,
    0.625,
    0.70625,
    0.70625,
    0.75625,
    0.75625,
    0.7875,
    0.7875,
    0.79375,
    0.79375,
    0.86875,
    0.86875,
    0.875,
    0.875,
    0.91875,
    0.91875,
    0.93125,
    0.93125,
    0.94375,
    0.94375,
    1.0,
    1.0
  ],
  "n_samples": 200,
  "n_anomalous": 160
}