{
  "detector_name": "ATOMs-Mahalanobis (GMM K=2)",
  "auc": 0.65328125,
  "optimal_threshold": 1.4723871833532907,
  "tpr_at_threshold": 0.83125,
  "fpr_at_threshold": 0.525,
  "youden_j": 0.30625,
  "roc_fpr": [
    0.0,
    0.0,
    0.0,
    0.05,
    0.05,
    0.075,
    0.075,
    0.1,
    0.1,
    0.125,
    0.125,
    0.15,
    0.15,
    0.175,
    0.175,
    0.225,
    0.225,
    0.25,
    0.25,
    0.325,
    0.325,
    0.35,
    0.35,
    0.375,
    0.375,
    0.4,
    0.4,
    0.425,
    0.425,
    0.45,
    0.45,
    0.475,
    0.475,
    0.525,
    0.525,
    0.575,
    0.575,
    0.65,
    0.65,
    0.675,
    0.675,
    0.75,
    0.75,
    0.775,
    0.775,
    0.8,
    0.8,
    0.825,
    0.825,
    0.85,
    0.85,
    0.925,
    0.925,
    1.0,
    1.0
  ],
  "roc_tpr": [
    0.0,
    0.00625,
    0.125,
    0.125,
    0.14375,
    0.14375,
    0.23125,
    0.23125,
    0.25625,
    0.25625,
    0.28125,
    0.28125,
    0.30625,
    0.30625,
    0.31875,
    0.31875,
    0.325,
    0.325,
    0.33125,
    0.33125,
    0.45625,
    0.45625,
    0.46875,
    0.46875,
    0.475,
    0.475,
    0.7,
    0.7,
    0.73125,
    0.73125,
    0.75625,
    0.75625,
    0.775,
    0.775,
    0.83125,
    0.83125,
    0.88125,
    0.88125,
    0.89375,
    0.89375,
    0.9125,
    0.9125,
    0.91875,
    0.91875,
    0.93125,
    0.93125,
    0.94375,
    0.94375,
    0.96875,
    0.96875,
    0.975,
    0.975,
    0.98125,
    0.98125,
    1.0
  ],
  "n_samples": 200,
  "n_anomalous": 160
}