{
  "detector_name": "ATOMs-Mahalanobis (single Gaussian)",
  "auc": 0.65859375,
  "optimal_threshold": 2.1888260307380776,
  "tpr_at_threshold": 0.3375,
  "fpr_at_threshold": 0.05,
  "youden_j": 0.28750000000000003,
  "roc_fpr": [
    0.0,
    0.0,
    0.0,
    0.025,
    0.025,
    0.05,
    0.05,
    0.075,
    0.075,
    0.1,
    0.1,
    0.125,
    0.125,
    0.15,
    0.15,
    0.175,
    0.175,
    0.2,
    0.2,
    0.25,
    0.25,
    0.3,
    0.3,
    0.325,
    0.325,
    0.35,
    0.35,
    0.4,
    0.4,
    0.425,
    0.425,
    0.45,
    0.45,
    0.475,
    0.475,
    0.525,
    0.525,
    0.55,
    0.55,
    0.575,
    0.575,
    0.6,
    0.6,
    0.625,
    0.625,
    0.65,
    0.65,
    0.7,
    0.7,
    0.725,
    0.725,
    0.75,
    0.75,
    0.825,
    0.825,
    0.85,
    0.85,
    0.925,
    0.925,
    0.95,
    0.95,
    1.0
  ],
  "roc_tpr": [
    0.0,
    0.00625,
    0.0875,
    0.0875,
    0.3125,
    0.3125,
    0.3375,
    0.3375,
    0.35625,
    0.35625,
    0.375,
    0.375,
    0.3875,
    0.3875,
    0.40625,
    0.40625,
    0.425,
    0.425,
    0.4375,
    0.4375,
    0.45625,
    0.45625,
    0.50625,
    0.50625,
    0.5375,
    0.5375,
    0.5625,
    0.5625,
    0.56875,
    0.56875,
    0.575,
    0.575,
    0.6,
    0.6,
    0.625,
    0.625,
    0.6375,
    0.6375,
    0.675,
    0.675,
    0.73125,
    0.73125,
    0.75,
    0.75,
    0.75625,
    0.75625,
    0.81875,
    0.81875,
    0.91875,
    0.91875,
    0.925,
    0.925,
    0.94375,
    0.94375,
    0.95,
    0.95,
    0.96875,
    0.96875,
    0.9875,
    0.9875,
    1.0,
    1.0
  ],
  "n_samples": 200,
  "n_anomalous": 160
}