{
  "detector_name": "ATOMs-Mahalanobis (GMM K=1)",
  "auc": 0.6381249999999999,
  "optimal_threshold": 1.9788708807472315,
  "tpr_at_threshold": 0.73125,
  "fpr_at_threshold": 0.425,
  "youden_j": 0.30624999999999997,
  "roc_fpr": [
    0.0,
    0.0,
    0.0,
    0.025,
    0.025,
    0.05,
    0.05,
    0.1,
    0.1,
    0.125,
    0.125,
    0.15,
    0.15,
    0.2,
    0.2,
    0.225,
    0.225,
    0.25,
    0.25,
    0.3,
    0.3,
    0.325,
    0.325,
    0.35,
    0.35,
    0.375,
    0.375,
    0.4,
    0.4,
    0.425,
    0.425,
    0.45,
    0.45,
    0.475,
    0.475,
    0.525,
    0.525,
    0.55,
    0.55,
    0.575,
    0.575,
    0.6,
    0.6,
    0.625,
    0.625,
    0.65,
    0.65,
    0.7,
    0.7,
    0.725,
    0.725,
    0.75,
    0.75,
    0.775,
    0.775,
    0.85,
    0.85,
    0.9,
    0.9,
    0.95,
    0.95,
    1.0
  ],
  "roc_tpr": [
    0.0,
    0.00625,
    0.0875,
    0.0875,
    0.125,
    0.125,
    0.13125,
    0.13125,
    0.24375,
    0.24375,
    0.2875,
    0.2875,
    0.29375,
    0.29375,
    0.3,
    0.3,
    0.30625,
    0.30625,
    0.31875,
    0.31875,
    0.325,
    0.325,
    0.41875,
    0.41875,
    0.44375,
    0.44375,
    0.475,
    0.475,
    0.6375,
    0.6375,
    0.73125,
    0.73125,
    0.7375,
    0.7375,
    0.75,
    0.75,
    0.78125,
    0.78125,
    0.80625,
    0.80625,
    0.81875,
    0.81875,
    0.83125,
    0.83125,
    0.85625,
    0.85625,
    0.88125,
    0.88125,
    0.9,
    0.9,
    0.925,
    0.925,
    0.95,
    0.95,
    0.9625,
    0.9625,
    0.96875,
    0.96875,
    0.98125,
    0.98125,
    1.0,
    1.0
  ],
  "n_samples": 200,
  "n_anomalous": 160
}