{
  "detector_name": "ATOMs-k-NN (k=250)",
  "auc": 0.7953125,
  "optimal_threshold": 0.6981580332802743,
  "tpr_at_threshold": 0.875,
  "fpr_at_threshold": 0.4,
  "youden_j": 0.475,
  "roc_fpr": [
    0.0,
    0.0,
    0.0,
    0.025,
    0.025,
    0.05,
    0.05,
    0.075,
    0.075,
    0.175,
    0.175,
    0.2,
    0.2,
    0.225,
    0.225,
    0.25,
    0.25,
    0.275,
    0.275,
    0.3,
    0.3,
    0.325,
    0.325,
    0.35,
    0.35,
    0.375,
    0.375,
    0.4,
    0.4,
    0.425,
    0.425,
    0.45,
    0.45,
    0.5,
    0.5,
    0.525,
    0.525,
    0.55,
    0.55,
    0.675,
    0.675,
    0.7,
    0.7,
    0.75,
    0.75,
    0.8,
    0.8,
    0.85,
    0.85,
    0.9,
    0.9,
    1.0
  ],
  "roc_tpr": [
    0.0,
    0.00625,
    0.125,
    0.125,
    0.375,
    0.375,
    0.43125,
    0.43125,
    0.4875,
    0.4875,
    0.575,
    0.575,
    0.5875,
    0.5875,
    0.59375,
    0.59375,
    0.60625,
    0.60625,
    0.64375,
    0.64375,
    0.675,
    0.675,
    0.68125,
    0.68125,
    0.8125,
    0.8125,
    0.825,
    0.825,
    0.875,
    0.875,
    0.89375,
    0.89375,
    0.9,
    0.9,
    0.90625,
    0.90625,
    0.925,
    0.925,
    0.94375,
    0.94375,
    0.9625,
    0.9625,
    0.96875,
    0.96875,
    0.975,
    0.975,
    0.9875,
    0.9875,
    0.99375,
    0.99375,
    1.0,
    1.0
  ],
  "n_samples": 200,
  "n_anomalous": 160
}