{
  "detector_name": "ATOMs-k-NN (k=5)",
  "auc": 0.81328125,
  "optimal_threshold": 0.4811468761738793,
  "tpr_at_threshold": 0.8,
  "fpr_at_threshold": 0.225,
  "youden_j": 0.5750000000000001,
  "roc_fpr": [
    0.0,
    0.0,
    0.0,
    0.025,
    0.025,
    0.05,
    0.05,
    0.075,
    0.075,
    0.15,
    0.15,
    0.175,
    0.175,
    0.2,
    0.2,
    0.225,
    0.225,
    0.25,
    0.25,
    0.45,
    0.45,
    0.5,
    0.5,
    0.55,
    0.55,
    0.6,
    0.6,
    0.625,
    0.625,
    0.65,
    0.65,
    0.725,
    0.725,
    0.75,
    0.75,
    0.775,
    0.775,
    0.8,
    0.8,
    0.825,
    0.825,
    0.875,
    0.875,
    0.925,
    0.925,
    1.0
  ],
  "roc_tpr": [
    0.0,
    0.00625,
    0.15625,
    0.15625,
    0.36875,
    0.36875,
    0.54375,
    0.54375,
    0.55625,
    0.55625,
    0.63125,
    0.63125,
    0.70625,
    0.70625,
    0.75625,
    0.75625,
    0.8,
    0.8,
    0.81875,
    0.81875,
    0.825,
    0.825,
    0.85,
    0.85,
    0.8625,
    0.8625,
    0.86875,
    0.86875,
    0.8875,
    0.8875,
    0.9125,
    0.9125,
    0.9375,
    0.9375,
    0.94375,
    0.94375,
    0.95625,
    0.95625,
    0.98125,
    0.98125,
    0.9875,
    0.9875,
    0.99375,
    0.99375,
    1.0,
    1.0
  ],
  "n_samples": 200,
  "n_anomalous": 160
}