{
  "detector_name": "Action entropy",
  "auc": 0.44046874999999996,
  "optimal_threshold": 2.9463373743552546,
  "tpr_at_threshold": 0.19375,
  "fpr_at_threshold": 0.15,
  "youden_j": 0.04375000000000001,
  "roc_fpr": [
    0.0,
    0.025,
    0.05,
    0.05,
    0.15,
    0.15,
    0.175,
    0.175,
    0.2,
    0.2,
    0.275,
    0.275,
    0.3,
    0.3,
    0.35,
    0.35,
    0.375,
    0.375,
    0.4,
    0.4,
    0.5,
    0.5,
    0.525,
    0.525,
    0.55,
    0.55,
    0.6,
    0.6,
    0.625,
    0.625,
    0.65,
    0.65,
    0.7,
    0.7,
    0.725,
    0.725,
    0.75,
    0.75,
    0.775,
    0.775,
    0.8,
    0.8,
    0.825,
    0.825,
    0.85,
    0.85,
    0.9,
    0.9,
    0.975,
    0.975,
    1.0,
    1.0
  ],
  "roc_tpr": [
    0.0,
    0.0,
    0.0,
    0.025,
    0.08125,
    0.19375,
    0.19375,
    0.20625,
    0.20625,
    0.2125,
    0.2125,
    0.225,
    0.225,
    0.28125,
    0.28125,
    0.3,
    0.3,
    0.30625,
    0.30625,
    0.35,
    0.35,
    0.4,
    0.4,
    0.4875,
    0.4875,
    0.525,
    0.525,
    0.54375,
    0.54375,
    0.60625,
    0.60625,
    0.6125,
    0.6125,
    0.625,
    0.625,
    0.64375,
    0.64375,
    0.6625,
    0.6625,
    0.73125,
    0.73125,
    0.78125,
    0.78125,
    0.7875,
    0.7875,
    0.81875,
    0.81875,
    0.825,
    0.825,
    0.91875,
    0.91875,
    1.0
  ],
  "n_samples": 200,
  "n_anomalous": 160
}