{
  "detector_name": "ATOMs-k-NN (k=25)",
  "auc": 0.85109375,
  "optimal_threshold": 0.5375760907699122,
  "tpr_at_threshold": 0.89375,
  "fpr_at_threshold": 0.3,
  "youden_j": 0.59375,
  "roc_fpr": [
    0.0,
    0.0,
    0.0,
    0.025,
    0.025,
    0.05,
    0.05,
    0.1,
    0.1,
    0.15,
    0.15,
    0.175,
    0.175,
    0.2,
    0.2,
    0.25,
    0.25,
    0.275,
    0.275,
    0.3,
    0.3,
    0.325,
    0.325,
    0.35,
    0.35,
    0.375,
    0.375,
    0.425,
    0.425,
    0.5,
    0.5,
    0.525,
    0.525,
    0.6,
    0.6,
    0.65,
    0.65,
    0.725,
    0.725,
    0.825,
    0.825,
    0.9,
    0.9,
    1.0
  ],
  "roc_tpr": [
    0.0,
    0.00625,
    0.10625,
    0.10625,
    0.44375,
    0.44375,
    0.48125,
    0.48125,
    0.56875,
    0.56875,
    0.5875,
    0.5875,
    0.6,
    0.6,
    0.7375,
    0.7375,
    0.8125,
    0.8125,
    0.825,
    0.825,
    0.89375,
    0.89375,
    0.91875,
    0.91875,
    0.93125,
    0.93125,
    0.94375,
    0.94375,
    0.95,
    0.95,
    0.95625,
    0.95625,
    0.9625,
    0.9625,
    0.96875,
    0.96875,
    0.975,
    0.975,
    0.98125,
    0.98125,
    0.99375,
    0.99375,
    1.0,
    1.0
  ],
  "n_samples": 200,
  "n_anomalous": 160
}