{
  "detector_name": "ATOMs-Mahalanobis (GMM K=3)",
  "auc": 0.39,
  "optimal_threshold": 6.544683710622537,
  "tpr_at_threshold": 0.31875,
  "fpr_at_threshold": 0.3,
  "youden_j": 0.01874999999999999,
  "roc_fpr": [
    0.0,
    0.025,
    0.05,
    0.05,
    0.125,
    0.125,
    0.15,
    0.15,
    0.175,
    0.175,
    0.2,
    0.2,
    0.225,
    0.225,
    0.25,
    0.25,
    0.3,
    0.3,
    0.35,
    0.35,
    0.4,
    0.4,
    0.425,
    0.425,
    0.475,
    0.475,
    0.5,
    0.5,
    0.525,
    0.525,
    0.575,
    0.575,
    0.6,
    0.6,
    0.625,
    0.625,
    0.675,
    0.675,
    0.7,
    0.7,
    0.775,
    0.775,
    0.8,
    0.8,
    0.85,
    0.85,
    0.9,
    0.9,
    0.95,
    0.95,
    0.975,
    0.975,
    1.0,
    1.0,
    1.0,
    1.0
  ],
  "roc_tpr": [
    0.0,
    0.0,
    0.0,
    0.025,
    0.025,
    0.0375,
    0.0375,
    0.1,
    0.1,
    0.1125,
    0.1125,
    0.16875,
    0.16875,
    0.2,
    0.2,
    0.23125,
    0.23125,
    0.31875,
    0.31875,
    0.325,
    0.325,
    0.3375,
    0.3375,
    0.38125,
    0.38125,
    0.43125,
    0.43125,
    0.4875,
    0.4875,
    0.525,
    0.525,
    0.53125,
    0.53125,
    0.54375,
    0.54375,
    0.55625,
    0.55625,
    0.5625,
    0.5625,
    0.58125,
    0.58125,
    0.5875,
    0.5875,
    0.60625,
    0.60625,
    0.6125,
    0.6125,
    0.61875,
    0.61875,
    0.63125,
    0.63125,
    0.7,
    0.7,
    0.75625,
    0.8,
    1.0
  ],
  "n_samples": 200,
  "n_anomalous": 160
}