{
  "detector_name": "ATOMs-Mahalanobis (GMM K=4)",
  "auc": 0.6940625,
  "optimal_threshold": 1.9893590364796556,
  "tpr_at_threshold": 0.38125,
  "fpr_at_threshold": 0.05,
  "youden_j": 0.33125,
  "roc_fpr": [
    0.0,
    0.0,
    0.0,
    0.025,
    0.025,
    0.05,
    0.05,
    0.075,
    0.075,
    0.15,
    0.15,
    0.2,
    0.2,
    0.225,
    0.225,
    0.25,
    0.25,
    0.3,
    0.3,
    0.325,
    0.325,
    0.35,
    0.35,
    0.375,
    0.375,
    0.4,
    0.4,
    0.425,
    0.425,
    0.45,
    0.45,
    0.475,
    0.475,
    0.5,
    0.5,
    0.525,
    0.525,
    0.575,
    0.575,
    0.6,
    0.6,
    0.65,
    0.65,
    0.675,
    0.675,
    0.725,
    0.725,
    0.75,
    0.75,
    0.775,
    0.775,
    0.825,
    0.825,
    0.85,
    0.85,
    0.9,
    0.9,
    0.925,
    0.925,
    0.95,
    0.95,
    1.0
  ],
  "roc_tpr": [
    0.0,
    0.00625,
    0.18125,
    0.18125,
    0.34375,
    0.34375,
    0.38125,
    0.38125,
    0.40625,
    0.40625,
    0.41875,
    0.41875,
    0.43125,
    0.43125,
    0.48125,
    0.48125,
    0.50625,
    0.50625,
    0.525,
    0.525,
    0.53125,
    0.53125,
    0.55625,
    0.55625,
    0.59375,
    0.59375,
    0.61875,
    0.61875,
    0.63125,
    0.63125,
    0.65,
    0.65,
    0.65625,
    0.65625,
    0.69375,
    0.69375,
    0.76875,
    0.76875,
    0.825,
    0.825,
    0.83125,
    0.83125,
    0.85,
    0.85,
    0.9125,
    0.9125,
    0.94375,
    0.94375,
    0.95625,
    0.95625,
    0.9625,
    0.9625,
    0.96875,
    0.96875,
    0.975,
    0.975,
    0.98125,
    0.98125,
    0.99375,
    0.99375,
    1.0,
    1.0
  ],
  "n_samples": 200,
  "n_anomalous": 160
}