{
  "detector_name": "ATOMs-k-NN (k=100)",
  "auc": 0.8503125,
  "optimal_threshold": 0.6298865154726623,
  "tpr_at_threshold": 0.85625,
  "fpr_at_threshold": 0.275,
  "youden_j": 0.5812499999999999,
  "roc_fpr": [
    0.0,
    0.0,
    0.0,
    0.025,
    0.025,
    0.1,
    0.1,
    0.125,
    0.125,
    0.15,
    0.15,
    0.175,
    0.175,
    0.2,
    0.2,
    0.225,
    0.225,
    0.25,
    0.25,
    0.275,
    0.275,
    0.325,
    0.325,
    0.35,
    0.35,
    0.375,
    0.375,
    0.4,
    0.4,
    0.5,
    0.5,
    0.525,
    0.525,
    0.55,
    0.55,
    0.575,
    0.575,
    0.675,
    0.675,
    0.7,
    0.7,
    0.75,
    0.75,
    0.85,
    0.85,
    1.0
  ],
  "roc_tpr": [
    0.0,
    0.00625,
    0.09375,
    0.09375,
    0.48125,
    0.48125,
    0.54375,
    0.54375,
    0.5875,
    0.5875,
    0.59375,
    0.59375,
    0.6125,
    0.6125,
    0.675,
    0.675,
    0.70625,
    0.70625,
    0.7875,
    0.7875,
    0.85625,
    0.85625,
    0.9,
    0.9,
    0.90625,
    0.90625,
    0.93125,
    0.93125,
    0.95,
    0.95,
    0.95625,
    0.95625,
    0.9625,
    0.9625,
    0.96875,
    0.96875,
    0.975,
    0.975,
    0.98125,
    0.98125,
    0.9875,
    0.9875,
    0.99375,
    0.99375,
    1.0,
    1.0
  ],
  "n_samples": 200,
  "n_anomalous": 160
}