{
  "detector_name": "ATOMs-Mahalanobis (GMM K=7)",
  "auc": 0.4621874999999999,
  "optimal_threshold": 2.391856720547413,
  "tpr_at_threshold": 0.11875,
  "fpr_at_threshold": 0.075,
  "youden_j": 0.04375,
  "roc_fpr": [
    0.0,
    0.025,
    0.025,
    0.05,
    0.05,
    0.075,
    0.075,
    0.125,
    0.125,
    0.15,
    0.15,
    0.175,
    0.175,
    0.2,
    0.2,
    0.225,
    0.225,
    0.25,
    0.25,
    0.275,
    0.275,
    0.3,
    0.3,
    0.325,
    0.325,
    0.35,
    0.35,
    0.375,
    0.375,
    0.4,
    0.4,
    0.425,
    0.425,
    0.45,
    0.45,
    0.475,
    0.475,
    0.5,
    0.5,
    0.575,
    0.575,
    0.625,
    0.625,
    0.65,
    0.65,
    0.675,
    0.675,
    0.7,
    0.7,
    0.725,
    0.725,
    0.75,
    0.75,
    0.775,
    0.775,
    0.8,
    0.8,
    0.825,
    0.825,
    0.85,
    0.85,
    0.9,
    0.9,
    0.925,
    0.925,
    0.95,
    0.95,
    0.975,
    0.975,
    1.0,
    1.0
  ],
  "roc_tpr": [
    0.0,
    0.0,
    0.00625,
    0.00625,
    0.075,
    0.075,
    0.11875,
    0.11875,
    0.1375,
    0.1375,
    0.15625,
    0.15625,
    0.20625,
    0.20625,
    0.24375,
    0.24375,
    0.25,
    0.25,
    0.25625,
    0.25625,
    0.2625,
    0.2625,
    0.28125,
    0.28125,
    0.3,
    0.3,
    0.34375,
    0.34375,
    0.35,
    0.35,
    0.3875,
    0.3875,
    0.4,
    0.4,
    0.425,
    0.425,
    0.46875,
    0.46875,
    0.475,
    0.475,
    0.48125,
    0.48125,
    0.51875,
    0.51875,
    0.54375,
    0.54375,
    0.55,
    0.55,
    0.68125,
    0.68125,
    0.6875,
    0.6875,
    0.7125,
    0.7125,
    0.73125,
    0.73125,
    0.775,
    0.775,
    0.78125,
    0.78125,
    0.79375,
    0.79375,
    0.88125,
    0.88125,
    0.9375,
    0.9375,
    0.94375,
    0.94375,
    0.98125,
    0.98125,
    1.0
  ],
  "n_samples": 200,
  "n_anomalous": 160
}