{
  "detector_name": "ATOMs-k-NN (k=10, best)",
  "auc": 0.8574999999999999,
  "optimal_threshold": 0.5092171546598809,
  "tpr_at_threshold": 0.825,
  "fpr_at_threshold": 0.2,
  "youden_j": 0.625,
  "roc_fpr": [
    0.0,
    0.0,
    0.0,
    0.025,
    0.025,
    0.05,
    0.05,
    0.1,
    0.1,
    0.125,
    0.125,
    0.15,
    0.15,
    0.2,
    0.2,
    0.25,
    0.25,
    0.275,
    0.275,
    0.3,
    0.3,
    0.325,
    0.325,
    0.35,
    0.35,
    0.375,
    0.375,
    0.45,
    0.45,
    0.5,
    0.5,
    0.525,
    0.525,
    0.625,
    0.625,
    0.65,
    0.65,
    0.725,
    0.725,
    0.8,
    0.8,
    0.85,
    0.85,
    0.9,
    0.9,
    1.0
  ],
  "roc_tpr": [
    0.0,
    0.00625,
    0.1625,
    0.1625,
    0.43125,
    0.43125,
    0.55625,
    0.55625,
    0.575,
    0.575,
    0.58125,
    0.58125,
    0.60625,
    0.60625,
    0.825,
    0.825,
    0.85625,
    0.85625,
    0.875,
    0.875,
    0.8875,
    0.8875,
    0.89375,
    0.89375,
    0.9,
    0.9,
    0.91875,
    0.91875,
    0.925,
    0.925,
    0.9375,
    0.9375,
    0.95625,
    0.95625,
    0.9625,
    0.9625,
    0.975,
    0.975,
    0.98125,
    0.98125,
    0.9875,
    0.9875,
    0.99375,
    0.99375,
    1.0,
    1.0
  ],
  "n_samples": 200,
  "n_anomalous": 160
}