{
  "detector_name": "ATOMs-k-NN (k=50)",
  "auc": 0.50296875,
  "optimal_threshold": 0.5505828544500797,
  "tpr_at_threshold": 0.9,
  "fpr_at_threshold": 0.775,
  "youden_j": 0.125,
  "roc_fpr": [
    0.0,
    0.0,
    0.0,
    0.025,
    0.025,
    0.05,
    0.05,
    0.075,
    0.075,
    0.1,
    0.1,
    0.125,
    0.125,
    0.15,
    0.15,
    0.2,
    0.2,
    0.225,
    0.225,
    0.3,
    0.3,
    0.325,
    0.325,
    0.35,
    0.35,
    0.375,
    0.375,
    0.4,
    0.4,
    0.425,
    0.425,
    0.45,
    0.45,
    0.475,
    0.475,
    0.55,
    0.55,
    0.575,
    0.575,
    0.6,
    0.6,
    0.625,
    0.625,
    0.675,
    0.675,
    0.7,
    0.7,
    0.725,
    0.725,
    0.75,
    0.75,
    0.775,
    0.775,
    0.825,
    0.825,
    0.85,
    0.85,
    0.875,
    0.875,
    0.9,
    0.9,
    0.925,
    0.925,
    0.975,
    0.975,
    1.0
  ],
  "roc_tpr": [
    0.0,
    0.00625,
    0.0125,
    0.0125,
    0.03125,
    0.03125,
    0.05625,
    0.05625,
    0.06875,
    0.06875,
    0.075,
    0.075,
    0.1625,
    0.1625,
    0.19375,
    0.19375,
    0.225,
    0.225,
    0.2375,
    0.2375,
    0.26875,
    0.26875,
    0.275,
    0.275,
    0.2875,
    0.2875,
    0.30625,
    0.30625,
    0.39375,
    0.39375,
    0.425,
    0.425,
    0.48125,
    0.48125,
    0.49375,
    0.49375,
    0.51875,
    0.51875,
    0.575,
    0.575,
    0.59375,
    0.59375,
    0.64375,
    0.64375,
    0.70625,
    0.70625,
    0.7375,
    0.7375,
    0.74375,
    0.74375,
    0.80625,
    0.80625,
    0.9,
    0.9,
    0.925,
    0.925,
    0.93125,
    0.93125,
    0.9375,
    0.9375,
    0.94375,
    0.94375,
    0.98125,
    0.98125,
    1.0,
    1.0
  ],
  "n_samples": 200,
  "n_anomalous": 160
}