{
  "detector_name": "Action entropy",
  "auc": 0.82890625,
  "optimal_threshold": 3.2227816459990444,
  "tpr_at_threshold": 0.6625,
  "fpr_at_threshold": 0.075,
  "youden_j": 0.5875,
  "roc_fpr": [
    0.0,
    0.0,
    0.0,
    0.0,
    0.0,
    0.025,
    0.025,
    0.05,
    0.05,
    0.075,
    0.075,
    0.125,
    0.125,
    0.15,
    0.15,
    0.175,
    0.175,
    0.2,
    0.2,
    0.225,
    0.225,
    0.25,
    0.25,
    0.275,
    0.275,
    0.325,
    0.325,
    0.35,
    0.35,
    0.425,
    0.425,
    0.45,
    0.45,
    0.475,
    0.475,
    0.625,
    0.625,
    0.7,
    0.7,
    0.75,
    0.75,
    0.775,
    0.775,
    0.8,
    0.8,
    0.825,
    0.825,
    0.875,
    0.875,
    1.0,
    1.0
  ],
  "roc_tpr": [
    0.0,
    0.00625,
    0.20625,
    0.45625,
    0.56875,
    0.56875,
    0.5875,
    0.5875,
    0.60625,
    0.60625,
    0.6625,
    0.6625,
    0.68125,
    0.68125,
    0.70625,
    0.70625,
    0.7125,
    0.7125,
    0.74375,
    0.74375,
    0.75625,
    0.75625,
    0.7625,
    0.7625,
    0.76875,
    0.76875,
    0.8125,
    0.8125,
    0.81875,
    0.81875,
    0.83125,
    0.83125,
    0.85,
    0.85,
    0.875,
    0.875,
    0.88125,
    0.88125,
    0.89375,
    0.89375,
    0.9,
    0.9,
    0.91875,
    0.91875,
    0.95,
    0.95,
    0.9625,
    0.9625,
    0.96875,
    0.96875,
    1.0
  ],
  "n_samples": 200,
  "n_anomalous": 160
}