{
  "detector_name": "ATOMs-k-NN (k=1)",
  "auc": 0.5004687499999999,
  "optimal_threshold": 0.35424396539074443,
  "tpr_at_threshold": 0.9125,
  "fpr_at_threshold": 0.8,
  "youden_j": 0.11249999999999993,
  "roc_fpr": [
    0.0,
    0.0,
    0.0,
    0.025,
    0.025,
    0.05,
    0.05,
    0.075,
    0.075,
    0.125,
    0.125,
    0.15,
    0.15,
    0.175,
    0.175,
    0.2,
    0.2,
    0.225,
    0.225,
    0.25,
    0.25,
    0.275,
    0.275,
    0.3,
    0.3,
    0.325,
    0.325,
    0.35,
    0.35,
    0.375,
    0.375,
    0.4,
    0.4,
    0.45,
    0.45,
    0.5,
    0.5,
    0.525,
    0.525,
    0.575,
    0.575,
    0.6,
    0.6,
    0.625,
    0.625,
    0.65,
    0.65,
    0.675,
    0.675,
    0.7,
    0.7,
    0.75,
    0.75,
    0.8,
    0.8,
    0.825,
    0.825,
    0.85,
    0.85,
    0.9,
    0.9,
    0.925,
    0.925,
    0.95,
    0.95,
    1.0,
    1.0
  ],
  "roc_tpr": [
    0.0,
    0.00625,
    0.0125,
    0.0125,
    0.025,
    0.025,
    0.05,
    0.05,
    0.1125,
    0.1125,
    0.11875,
    0.11875,
    0.125,
    0.125,
    0.15625,
    0.15625,
    0.19375,
    0.19375,
    0.25625,
    0.25625,
    0.275,
    0.275,
    0.31875,
    0.31875,
    0.325,
    0.325,
    0.33125,
    0.33125,
    0.3375,
    0.3375,
    0.35,
    0.35,
    0.4125,
    0.4125,
    0.425,
    0.425,
    0.44375,
    0.44375,
    0.4875,
    0.4875,
    0.50625,
    0.50625,
    0.53125,
    0.53125,
    0.58125,
    0.58125,
    0.61875,
    0.61875,
    0.7375,
    0.7375,
    0.7875,
    0.7875,
    0.8375,
    0.8375,
    0.9125,
    0.9125,
    0.93125,
    0.93125,
    0.9375,
    0.9375,
    0.94375,
    0.94375,
    0.95,
    0.95,
    0.99375,
    0.99375,
    1.0
  ],
  "n_samples": 200,
  "n_anomalous": 160
}