{
  "detector_name": "ATOMs-Mahalanobis (single Gaussian)",
  "auc": 0.44515625000000003,
  "optimal_threshold": 2.555594676774121,
  "tpr_at_threshold": 0.1625,
  "fpr_at_threshold": 0.1,
  "youden_j": 0.0625,
  "roc_fpr": [
    0.0,
    0.025,
    0.025,
    0.05,
    0.05,
    0.075,
    0.075,
    0.1,
    0.1,
    0.125,
    0.125,
    0.15,
    0.15,
    0.175,
    0.175,
    0.2,
    0.2,
    0.225,
    0.225,
    0.25,
    0.25,
    0.275,
    0.275,
    0.325,
    0.325,
    0.35,
    0.35,
    0.375,
    0.375,
    0.4,
    0.4,
    0.425,
    0.425,
    0.475,
    0.475,
    0.5,
    0.5,
    0.525,
    0.525,
    0.55,
    0.55,
    0.575,
    0.575,
    0.6,
    0.6,
    0.65,
    0.65,
    0.7,
    0.7,
    0.725,
    0.725,
    0.75,
    0.75,
    0.775,
    0.775,
    0.825,
    0.825,
    0.85,
    0.85,
    0.875,
    0.875,
    0.9,
    0.9,
    0.975,
    0.975,
    1.0,
    1.0
  ],
  "roc_tpr": [
    0.0,
    0.0,
    0.0125,
    0.0125,
    0.03125,
    0.03125,
    0.1,
    0.1,
    0.1625,
    0.1625,
    0.175,
    0.175,
    0.1875,
    0.1875,
    0.20625,
    0.20625,
    0.2375,
    0.2375,
    0.25625,
    0.25625,
    0.2625,
    0.2625,
    0.26875,
    0.26875,
    0.2875,
    0.2875,
    0.29375,
    0.29375,
    0.3,
    0.3,
    0.325,
    0.325,
    0.34375,
    0.34375,
    0.35,
    0.35,
    0.38125,
    0.38125,
    0.43125,
    0.43125,
    0.45,
    0.45,
    0.4625,
    0.4625,
    0.48125,
    0.48125,
    0.525,
    0.525,
    0.64375,
    0.64375,
    0.675,
    0.675,
    0.70625,
    0.70625,
    0.725,
    0.725,
    0.7375,
    0.7375,
    0.775,
    0.775,
    0.875,
    0.875,
    0.94375,
    0.94375,
    0.9625,
    0.9625,
    1.0
  ],
  "n_samples": 200,
  "n_anomalous": 160
}