{
  "detector_name": "ATOMs-Mahalanobis (GMM K=5)",
  "auc": 0.6903125,
  "optimal_threshold": 1.9656151272800677,
  "tpr_at_threshold": 0.4375,
  "fpr_at_threshold": 0.1,
  "youden_j": 0.3375,
  "roc_fpr": [
    0.0,
    0.0,
    0.0,
    0.025,
    0.025,
    0.05,
    0.05,
    0.075,
    0.075,
    0.1,
    0.1,
    0.225,
    0.225,
    0.25,
    0.25,
    0.275,
    0.275,
    0.35,
    0.35,
    0.375,
    0.375,
    0.425,
    0.425,
    0.475,
    0.475,
    0.5,
    0.5,
    0.525,
    0.525,
    0.55,
    0.55,
    0.6,
    0.6,
    0.625,
    0.625,
    0.65,
    0.65,
    0.7,
    0.7,
    0.725,
    0.725,
    0.85,
    0.85,
    0.875,
    0.875,
    0.9,
    0.9,
    0.925,
    0.925,
    1.0
  ],
  "roc_tpr": [
    0.0,
    0.00625,
    0.1625,
    0.1625,
    0.3375,
    0.3375,
    0.36875,
    0.36875,
    0.4125,
    0.4125,
    0.4375,
    0.4375,
    0.44375,
    0.44375,
    0.51875,
    0.51875,
    0.525,
    0.525,
    0.5625,
    0.5625,
    0.5875,
    0.5875,
    0.625,
    0.625,
    0.65,
    0.65,
    0.65625,
    0.65625,
    0.7375,
    0.7375,
    0.75,
    0.75,
    0.7625,
    0.7625,
    0.775,
    0.775,
    0.91875,
    0.91875,
    0.95,
    0.95,
    0.9625,
    0.9625,
    0.96875,
    0.96875,
    0.975,
    0.975,
    0.99375,
    0.99375,
    1.0,
    1.0
  ],
  "n_samples": 200,
  "n_anomalous": 160
}