{
  "detector_name": "ATOMs-Euclidean",
  "auc": 0.42609374999999994,
  "optimal_threshold": 0.29893681103693737,
  "tpr_at_threshold": 0.125,
  "fpr_at_threshold": 0.075,
  "youden_j": 0.05,
  "roc_fpr": [
    0.0,
    0.025,
    0.025,
    0.05,
    0.05,
    0.075,
    0.075,
    0.125,
    0.125,
    0.15,
    0.15,
    0.175,
    0.175,
    0.225,
    0.225,
    0.25,
    0.25,
    0.275,
    0.275,
    0.325,
    0.325,
    0.35,
    0.35,
    0.375,
    0.375,
    0.425,
    0.425,
    0.45,
    0.45,
    0.475,
    0.475,
    0.5,
    0.5,
    0.525,
    0.525,
    0.55,
    0.55,
    0.575,
    0.575,
    0.6,
    0.6,
    0.625,
    0.625,
    0.65,
    0.65,
    0.675,
    0.675,
    0.7,
    0.7,
    0.725,
    0.725,
    0.75,
    0.75,
    0.775,
    0.775,
    0.825,
    0.825,
    0.85,
    0.85,
    0.875,
    0.875,
    0.9,
    0.9,
    0.925,
    0.925,
    0.95,
    0.95,
    0.975,
    0.975,
    1.0,
    1.0
  ],
  "roc_tpr": [
    0.0,
    0.0,
    0.0125,
    0.0125,
    0.0375,
    0.0375,
    0.125,
    0.125,
    0.15625,
    0.15625,
    0.16875,
    0.16875,
    0.1875,
    0.1875,
    0.21875,
    0.21875,
    0.2375,
    0.2375,
    0.24375,
    0.24375,
    0.25,
    0.25,
    0.275,
    0.275,
    0.3125,
    0.3125,
    0.31875,
    0.31875,
    0.33125,
    0.33125,
    0.34375,
    0.34375,
    0.3625,
    0.3625,
    0.39375,
    0.39375,
    0.43125,
    0.43125,
    0.44375,
    0.44375,
    0.45,
    0.45,
    0.4625,
    0.4625,
    0.4875,
    0.4875,
    0.49375,
    0.49375,
    0.53125,
    0.53125,
    0.69375,
    0.69375,
    0.70625,
    0.70625,
    0.725,
    0.725,
    0.7375,
    0.7375,
    0.78125,
    0.78125,
    0.8,
    0.8,
    0.88125,
    0.88125,
    0.9375,
    0.9375,
    0.94375,
    0.94375,
    0.96875,
    0.96875,
    1.0
  ],
  "n_samples": 200,
  "n_anomalous": 160
}