{
  "detector_name": "ATOMs-Euclidean",
  "auc": 0.6128125,
  "optimal_threshold": 0.1524664565543534,
  "tpr_at_threshold": 0.91875,
  "fpr_at_threshold": 0.7,
  "youden_j": 0.21875,
  "roc_fpr": [
    0.0,
    0.0,
    0.0,
    0.025,
    0.025,
    0.05,
    0.05,
    0.075,
    0.075,
    0.1,
    0.1,
    0.125,
    0.125,
    0.15,
    0.15,
    0.175,
    0.175,
    0.2,
    0.2,
    0.275,
    0.275,
    0.3,
    0.3,
    0.325,
    0.325,
    0.35,
    0.35,
    0.375,
    0.375,
    0.4,
    0.4,
    0.45,
    0.45,
    0.475,
    0.475,
    0.5,
    0.5,
    0.525,
    0.525,
    0.55,
    0.55,
    0.575,
    0.575,
    0.6,
    0.6,
    0.625,
    0.625,
    0.65,
    0.65,
    0.675,
    0.675,
    0.7,
    0.7,
    0.725,
    0.725,
    0.8,
    0.8,
    0.85,
    0.85,
    0.875,
    0.875,
    0.9,
    0.9,
    0.925,
    0.925,
    0.95,
    0.95,
    1.0
  ],
  "roc_tpr": [
    0.0,
    0.00625,
    0.13125,
    0.13125,
    0.15625,
    0.15625,
    0.19375,
    0.19375,
    0.275,
    0.275,
    0.28125,
    0.28125,
    0.2875,
    0.2875,
    0.29375,
    0.29375,
    0.3125,
    0.3125,
    0.31875,
    0.31875,
    0.33125,
    0.33125,
    0.35625,
    0.35625,
    0.45625,
    0.45625,
    0.50625,
    0.50625,
    0.53125,
    0.53125,
    0.55,
    0.55,
    0.575,
    0.575,
    0.5875,
    0.5875,
    0.6125,
    0.6125,
    0.61875,
    0.61875,
    0.65,
    0.65,
    0.7125,
    0.7125,
    0.73125,
    0.73125,
    0.75,
    0.75,
    0.76875,
    0.76875,
    0.85625,
    0.85625,
    0.91875,
    0.91875,
    0.93125,
    0.93125,
    0.9375,
    0.9375,
    0.9625,
    0.9625,
    0.96875,
    0.96875,
    0.975,
    0.975,
    0.9875,
    0.9875,
    1.0,
    1.0
  ],
  "n_samples": 200,
  "n_anomalous": 160
}