{
  "detector_name": "ATOMs-JSD",
  "auc": 0.46499999999999997,
  "optimal_threshold": 0.22311725245535602,
  "tpr_at_threshold": 0.14375,
  "fpr_at_threshold": 0.1,
  "youden_j": 0.04374999999999998,
  "roc_fpr": [
    0.0,
    0.025,
    0.025,
    0.05,
    0.05,
    0.075,
    0.075,
    0.1,
    0.1,
    0.125,
    0.125,
    0.15,
    0.15,
    0.175,
    0.175,
    0.25,
    0.25,
    0.275,
    0.275,
    0.3,
    0.3,
    0.325,
    0.325,
    0.35,
    0.35,
    0.375,
    0.375,
    0.4,
    0.4,
    0.425,
    0.425,
    0.45,
    0.45,
    0.475,
    0.475,
    0.5,
    0.5,
    0.525,
    0.525,
    0.55,
    0.55,
    0.575,
    0.575,
    0.625,
    0.625,
    0.65,
    0.65,
    0.7,
    0.7,
    0.725,
    0.725,
    0.75,
    0.75,
    0.775,
    0.775,
    0.8,
    0.8,
    0.825,
    0.825,
    0.875,
    0.875,
    0.9,
    0.9,
    0.925,
    0.925,
    0.95,
    0.95,
    0.975,
    0.975,
    1.0,
    1.0
  ],
  "roc_tpr": [
    0.0,
    0.0,
    0.00625,
    0.00625,
    0.08125,
    0.08125,
    0.0875,
    0.0875,
    0.14375,
    0.14375,
    0.15,
    0.15,
    0.15625,
    0.15625,
    0.2,
    0.2,
    0.2375,
    0.2375,
    0.25625,
    0.25625,
    0.2625,
    0.2625,
    0.29375,
    0.29375,
    0.33125,
    0.33125,
    0.34375,
    0.34375,
    0.375,
    0.375,
    0.39375,
    0.39375,
    0.44375,
    0.44375,
    0.4625,
    0.4625,
    0.50625,
    0.50625,
    0.5125,
    0.5125,
    0.5375,
    0.5375,
    0.55,
    0.55,
    0.55625,
    0.55625,
    0.56875,
    0.56875,
    0.6625,
    0.6625,
    0.675,
    0.675,
    0.6875,
    0.6875,
    0.7375,
    0.7375,
    0.74375,
    0.74375,
    0.75625,
    0.75625,
    0.7875,
    0.7875,
    0.90625,
    0.90625,
    0.94375,
    0.94375,
    0.975,
    0.975,
    0.99375,
    0.99375,
    1.0
  ],
  "n_samples": 200,
  "n_anomalous": 160
}