{
  "ATOMs-Mahalanobis (single Gaussian)": {
    "auc": 0.44515625000000003,
    "youden_j": 0.0625
  },
  "ATOMs-Mahalanobis (GMM K=7)": {
    "auc": 0.4621874999999999,
    "youden_j": 0.04375
  },
  "ATOMs-Euclidean": {
    "auc": 0.42609374999999994,
    "youden_j": 0.05
  },
  "ATOMs-Euclidean (GMM K=7)": {
    "auc": 0.45484375,
    "youden_j": 0.07499999999999998
  },
  "ATOMs-JSD": {
    "auc": 0.46499999999999997,
    "youden_j": 0.04374999999999998
  },
  "ATOMs-JSD (GMM K=7)": {
    "auc": 0.47796874999999994,
    "youden_j": 0.056249999999999994
  },
  "ATOMs-Wasserstein": {
    "auc": 0.5009375,
    "youden_j": 0.10625000000000001
  },
  "ATOMs-Wasserstein (GMM K=7)": {
    "auc": 0.47171874999999996,
    "youden_j": 0.08750000000000002
  },
  "ATOMs-k-NN (k=10, best)": {
    "auc": 0.5046875,
    "youden_j": 0.11875000000000002
  },
  "ATOMs-k-NN-GMM (k=100, best)": {
    "auc": 0.52859375,
    "youden_j": 0.15625
  },
  "Action entropy": {
    "auc": 0.44046874999999996,
    "youden_j": 0.04375000000000001
  },
  "MDX Detection": {
    "auc": 0.6710937499999999,
    "youden_j": 0.39375000000000004
  }
}